island,Adelie,Chinstrap,Gentoo
Biscoe,3709.659090909091,,5092.436974789916
Dream,3701.3636363636365,3733.0882352941176,
Torgersen,3708.5106382978724,,
