,species,island,bill_length_mm,bill_depth_mm,flipper_length_mm,body_mass_g,sex
count,333,333,333.0,333.0,333.0,333.0,333
unique,3,3,,,,,2
top,Adelie,Biscoe,,,,,Male
freq,146,163,,,,,168
mean,,,43.99279279279279,17.164864864864864,200.96696696696696,4207.057057057057,
std,,,5.468668342647559,1.9692354633199007,14.015765288287879,805.2158019428965,
min,,,32.1,13.1,172.0,2700.0,
25%,,,39.5,15.6,190.0,3550.0,
50%,,,44.5,17.3,197.0,4050.0,
75%,,,48.6,18.7,213.0,4775.0,
max,,,59.6,21.5,231.0,6300.0,
